mutation,corrected_pos,fasta_aa,status
A463C,462,,OUT_OF_RANGE
A463D,462,,OUT_OF_RANGE
A463E,462,,OUT_OF_RANGE
A463F,462,,OUT_OF_RANGE
A463G,462,,OUT_OF_RANGE
A463H,462,,OUT_OF_RANGE
A463I,462,,OUT_OF_RANGE
A463K,462,,OUT_OF_RANGE
A463L,462,,OUT_OF_RANGE
A463M,462,,OUT_OF_RANGE
A463N,462,,OUT_OF_RANGE
A463P,462,,OUT_OF_RANGE
A463Q,462,,OUT_OF_RANGE
A463R,462,,OUT_OF_RANGE
A463S,462,,OUT_OF_RANGE
A463T,462,,OUT_OF_RANGE
A463V,462,,OUT_OF_RANGE
A463W,462,,OUT_OF_RANGE
A463Y,462,,OUT_OF_RANGE
L464A,463,,OUT_OF_RANGE
L464C,463,,OUT_OF_RANGE
L464D,463,,OUT_OF_RANGE
L464E,463,,OUT_OF_RANGE
L464F,463,,OUT_OF_RANGE
L464G,463,,OUT_OF_RANGE
L464H,463,,OUT_OF_RANGE
L464I,463,,OUT_OF_RANGE
L464K,463,,OUT_OF_RANGE
L464M,463,,OUT_OF_RANGE
L464N,463,,OUT_OF_RANGE
L464P,463,,OUT_OF_RANGE
L464Q,463,,OUT_OF_RANGE
L464R,463,,OUT_OF_RANGE
L464S,463,,OUT_OF_RANGE
L464T,463,,OUT_OF_RANGE
L464W,463,,OUT_OF_RANGE
L464Y,463,,OUT_OF_RANGE
R461A,460,,OUT_OF_RANGE
R461C,460,,OUT_OF_RANGE
R461D,460,,OUT_OF_RANGE
R461E,460,,OUT_OF_RANGE
R461F,460,,OUT_OF_RANGE
R461G,460,,OUT_OF_RANGE
R461H,460,,OUT_OF_RANGE
R461I,460,,OUT_OF_RANGE
R461K,460,,OUT_OF_RANGE
R461L,460,,OUT_OF_RANGE
R461M,460,,OUT_OF_RANGE
R461N,460,,OUT_OF_RANGE
R461P,460,,OUT_OF_RANGE
R461Q,460,,OUT_OF_RANGE
R461S,460,,OUT_OF_RANGE
R461T,460,,OUT_OF_RANGE
R461V,460,,OUT_OF_RANGE
R461W,460,,OUT_OF_RANGE
R461Y,460,,OUT_OF_RANGE
S462A,461,,OUT_OF_RANGE
S462C,461,,OUT_OF_RANGE
S462D,461,,OUT_OF_RANGE
S462E,461,,OUT_OF_RANGE
S462F,461,,OUT_OF_RANGE
S462G,461,,OUT_OF_RANGE
S462H,461,,OUT_OF_RANGE
S462I,461,,OUT_OF_RANGE
S462K,461,,OUT_OF_RANGE
S462L,461,,OUT_OF_RANGE
S462M,461,,OUT_OF_RANGE
S462N,461,,OUT_OF_RANGE
S462P,461,,OUT_OF_RANGE
S462Q,461,,OUT_OF_RANGE
S462R,461,,OUT_OF_RANGE
S462T,461,,OUT_OF_RANGE
S462V,461,,OUT_OF_RANGE
S462W,461,,OUT_OF_RANGE
S462Y,461,,OUT_OF_RANGE
